id;nom;prenom;adresse;fonction;telephone;datedenaissance
1;calculate Investment Account;Soft Investment Account port;innovative Realigned;Tuna Granite;1-311-645-0729;2020-12-21
2;Home;bandwidth-monitored Sleek;monitor payment Switchable;dot-com;(431) 731-0958 x539;2020-12-21
3;Games Singapore;Connecticut Berkshire Wooden;Music pink;Directives alarm Jersey;399.761.2165;2020-12-20
4;interface;Sausages;Designer payment;lavender infrastructures;(005) 659-5200;2020-12-21
5;Peso Uruguayo Uruguay Peso en Unidades Indexadas;initiatives bluetooth Officer;Digitized;Forward Shoes;122.770.4247;2020-12-21
6;Home Loan Account;Unbranded Plastic Computer;24/7;reinvent Baby;(169) 512-9691;2020-12-21
7;Steel Corners;Hungary open architecture;Cyprus invoice;De-engineered redundant;326-567-0206;2020-12-21
8;Upgradable partnerships;Metal SMS Configuration;Grass-roots Internal Movies;adapter systems International;(607) 000-0801 x5214;2020-12-21
9;Incredible Cotton Chicken virtual Glen;Salad;Poland Principal eyeballs;overriding;(200) 353-6220;2020-12-20
10;Strategist transmitter Soft;Switzerland Toys Licensed Wooden Computer;approach Ball supply-chains;Fantastic Pennsylvania;(498) 986-9052 x0033;2020-12-21
