id;nom;adresse;pays
1;Personal Loan Account deploy;program;Rwanda Franc Sleek Granite Gloves killer
2;mobile Guam;quantifying Cayman Islands Dollar;deposit Awesome Granite Bacon
3;infrastructure;indexing;applications content-based Beauty
4;generate Savings Account;lime;platforms optical
5;Licensed Gorgeous Buckinghamshire;Springs South Dakota JSON;Strategist Buckinghamshire Marketing
6;SDR;Cotton Shoals Operative;Executive backing up
7;Generic Ball Handcrafted;Gorgeous Steel Mouse Texas;even-keeled Gorgeous Unbranded
8;target;superstructure Mobility portal;SAS hack Gorgeous Steel Towels
9;Beauty;content-based innovate program;repurpose Hollow
10;Principal;cross-platform Suriname;Personal Loan Account
